dataset,normal,sandbag,drop
CSQA,76.0,64.8,11.200000000000003
MMLU,70.39999999999999,64.8,5.599999999999994
WMDP,60.0,24.0,36.0
dangerous,60.0,24.0,36.0
safe,73.2,64.8,8.2
